mode,year,hour,week_part,trips,run_tag,year_trips,pct_of_mode_year_trips
jc,2019,0,weekday,1443,y2019_2020_2023_2025_m1_2_3_4_5_6_7_8_9_10_11_12_modejc,404895,0.35638869336494644
jc,2019,1,weekday,767,y2019_2020_2023_2025_m1_2_3_4_5_6_7_8_9_10_11_12_modejc,404895,0.18943182800479136
jc,2019,2,weekday,397,y2019_2020_2023_2025_m1_2_3_4_5_6_7_8_9_10_11_12_modejc,404895,0.0980501117573692
jc,2019,3,weekday,297,y2019_2020_2023_2025_m1_2_3_4_5_6_7_8_9_10_11_12_modejc,404895,0.07335235060941726
jc,2019,4,weekday,755,y2019_2020_2023_2025_m1_2_3_4_5_6_7_8_9_10_11_12_modejc,404895,0.18646809666703715
jc,2019,5,weekday,3501,y2019_2020_2023_2025_m1_2_3_4_5_6_7_8_9_10_11_12_modejc,404895,0.8646686177897973
jc,2019,6,weekday,10828,y2019_2020_2023_2025_m1_2_3_4_5_6_7_8_9_10_11_12_modejc,404895,2.674273577100236
jc,2019,7,weekday,26742,y2019_2020_2023_2025_m1_2_3_4_5_6_7_8_9_10_11_12_modejc,404895,6.604675286185308
jc,2019,8,weekday,43112,y2019_2020_2023_2025_m1_2_3_4_5_6_7_8_9_10_11_12_modejc,404895,10.647698786105039
jc,2019,9,weekday,19892,y2019_2020_2023_2025_m1_2_3_4_5_6_7_8_9_10_11_12_modejc,404895,4.9128786475506
jc,2019,10,weekday,10016,y2019_2020_2023_2025_m1_2_3_4_5_6_7_8_9_10_11_12_modejc,404895,2.473727756578866
jc,2019,11,weekday,9144,y2019_2020_2023_2025_m1_2_3_4_5_6_7_8_9_10_11_12_modejc,404895,2.258363279368725
jc,2019,12,weekday,10836,y2019_2020_2023_2025_m1_2_3_4_5_6_7_8_9_10_11_12_modejc,404895,2.676249397992072
jc,2019,13,weekday,10868,y2019_2020_2023_2025_m1_2_3_4_5_6_7_8_9_10_11_12_modejc,404895,2.6841526815594166
jc,2019,14,weekday,9939,y2019_2020_2023_2025_m1_2_3_4_5_6_7_8_9_10_11_12_modejc,404895,2.454710480494943
jc,2019,15,weekday,10764,y2019_2020_2023_2025_m1_2_3_4_5_6_7_8_9_10_11_12_modejc,404895,2.6584670099655465
jc,2019,16,weekday,15808,y2019_2020_2023_2025_m1_2_3_4_5_6_7_8_9_10_11_12_modejc,404895,3.9042220822682423
jc,2019,17,weekday,32213,y2019_2020_2023_2025_m1_2_3_4_5_6_7_8_9_10_11_12_modejc,404895,7.955889798589758
jc,2019,18,weekday,35813,y2019_2020_2023_2025_m1_2_3_4_5_6_7_8_9_10_11_12_modejc,404895,8.845009199916028
jc,2019,19,weekday,24233,y2019_2020_2023_2025_m1_2_3_4_5_6_7_8_9_10_11_12_modejc,404895,5.985008458983193
jc,2019,20,weekday,15613,y2019_2020_2023_2025_m1_2_3_4_5_6_7_8_9_10_11_12_modejc,404895,3.8560614480297364
jc,2019,21,weekday,10041,y2019_2020_2023_2025_m1_2_3_4_5_6_7_8_9_10_11_12_modejc,404895,2.479902196865854
jc,2019,22,weekday,6519,y2019_2020_2023_2025_m1_2_3_4_5_6_7_8_9_10_11_12_modejc,404895,1.6100470492349868
jc,2019,23,weekday,3391,y2019_2020_2023_2025_m1_2_3_4_5_6_7_8_9_10_11_12_modejc,404895,0.8375010805270502
jc,2019,0,weekend,1335,y2019_2020_2023_2025_m1_2_3_4_5_6_7_8_9_10_11_12_modejc,404895,0.3297151113251584
jc,2019,1,weekend,839,y2019_2020_2023_2025_m1_2_3_4_5_6_7_8_9_10_11_12_modejc,404895,0.20721421603131676
jc,2019,2,weekend,546,y2019_2020_2023_2025_m1_2_3_4_5_6_7_8_9_10_11_12_modejc,404895,0.13484977586781757
jc,2019,3,weekend,347,y2019_2020_2023_2025_m1_2_3_4_5_6_7_8_9_10_11_12_modejc,404895,0.08570123118339322
jc,2019,4,weekend,205,y2019_2020_2023_2025_m1_2_3_4_5_6_7_8_9_10_11_12_modejc,404895,0.05063041035330147
jc,2019,5,weekend,336,y2019_2020_2023_2025_m1_2_3_4_5_6_7_8_9_10_11_12_modejc,404895,0.08298447745711851
jc,2019,6,weekend,660,y2019_2020_2023_2025_m1_2_3_4_5_6_7_8_9_10_11_12_modejc,404895,0.16300522357648278
jc,2019,7,weekend,1555,y2019_2020_2023_2025_m1_2_3_4_5_6_7_8_9_10_11_12_modejc,404895,0.38405018585065265
jc,2019,8,weekend,3360,y2019_2020_2023_2025_m1_2_3_4_5_6_7_8_9_10_11_12_modejc,404895,0.829844774571185
jc,2019,9,weekend,4603,y2019_2020_2023_2025_m1_2_3_4_5_6_7_8_9_10_11_12_modejc,404895,1.1368379456402278
jc,2019,10,weekend,6345,y2019_2020_2023_2025_m1_2_3_4_5_6_7_8_9_10_11_12_modejc,404895,1.5670729448375504
jc,2019,11,weekend,6980,y2019_2020_2023_2025_m1_2_3_4_5_6_7_8_9_10_11_12_modejc,404895,1.7239037281270453
jc,2019,12,weekend,7170,y2019_2020_2023_2025_m1_2_3_4_5_6_7_8_9_10_11_12_modejc,404895,1.770829474308154
jc,2019,13,weekend,7437,y2019_2020_2023_2025_m1_2_3_4_5_6_7_8_9_10_11_12_modejc,404895,1.8367724965731858
jc,2019,14,weekend,6825,y2019_2020_2023_2025_m1_2_3_4_5_6_7_8_9_10_11_12_modejc,404895,1.6856221983477198
jc,2019,15,weekend,6978,y2019_2020_2023_2025_m1_2_3_4_5_6_7_8_9_10_11_12_modejc,404895,1.7234097729040863
jc,2019,16,weekend,6767,y2019_2020_2023_2025_m1_2_3_4_5_6_7_8_9_10_11_12_modejc,404895,1.6712974968819077
jc,2019,17,weekend,6674,y2019_2020_2023_2025_m1_2_3_4_5_6_7_8_9_10_11_12_modejc,404895,1.6483285790143125
jc,2019,18,weekend,6481,y2019_2020_2023_2025_m1_2_3_4_5_6_7_8_9_10_11_12_modejc,404895,1.6006618999987652
jc,2019,19,weekend,5480,y2019_2020_2023_2025_m1_2_3_4_5_6_7_8_9_10_11_12_modejc,404895,1.3534373109077662
jc,2019,20,weekend,4240,y2019_2020_2023_2025_m1_2_3_4_5_6_7_8_9_10_11_12_modejc,404895,1.0471850726731622
jc,2019,21,weekend,2942,y2019_2020_2023_2025_m1_2_3_4_5_6_7_8_9_10_11_12_modejc,404895,0.7266081329727461
jc,2019,22,weekend,2266,y2019_2020_2023_2025_m1_2_3_4_5_6_7_8_9_10_11_12_modejc,404895,0.5596512676125909
jc,2019,23,weekend,1592,y2019_2020_2023_2025_m1_2_3_4_5_6_7_8_9_10_11_12_modejc,404895,0.3931883574753948
jc,2020,0,weekday,1821,y2019_2020_2023_2025_m1_2_3_4_5_6_7_8_9_10_11_12_modejc,323249,0.5633428100318949
jc,2020,1,weekday,878,y2019_2020_2023_2025_m1_2_3_4_5_6_7_8_9_10_11_12_modejc,323249,0.2716172362482173
jc,2020,2,weekday,410,y2019_2020_2023_2025_m1_2_3_4_5_6_7_8_9_10_11_12_modejc,323249,0.12683720599290332
jc,2020,3,weekday,279,y2019_2020_2023_2025_m1_2_3_4_5_6_7_8_9_10_11_12_modejc,323249,0.08631117188297566
jc,2020,4,weekday,598,y2019_2020_2023_2025_m1_2_3_4_5_6_7_8_9_10_11_12_modejc,323249,0.18499670532623458
jc,2020,5,weekday,1890,y2019_2020_2023_2025_m1_2_3_4_5_6_7_8_9_10_11_12_modejc,323249,0.5846885837233835
jc,2020,6,weekday,6115,y2019_2020_2023_2025_m1_2_3_4_5_6_7_8_9_10_11_12_modejc,323249,1.8917305235283017
jc,2020,7,weekday,11347,y2019_2020_2023_2025_m1_2_3_4_5_6_7_8_9_10_11_12_modejc,323249,3.5102970156133506
jc,2020,8,weekday,14401,y2019_2020_2023_2025_m1_2_3_4_5_6_7_8_9_10_11_12_modejc,323249,4.455079520740977
jc,2020,9,weekday,9481,y2019_2020_2023_2025_m1_2_3_4_5_6_7_8_9_10_11_12_modejc,323249,2.933033048826137
jc,2020,10,weekday,7292,y2019_2020_2023_2025_m1_2_3_4_5_6_7_8_9_10_11_12_modejc,323249,2.2558461124396363
jc,2020,11,weekday,8331,y2019_2020_2023_2025_m1_2_3_4_5_6_7_8_9_10_11_12_modejc,323249,2.577270153967994
jc,2020,12,weekday,10539,y2019_2020_2023_2025_m1_2_3_4_5_6_7_8_9_10_11_12_modejc,323249,3.260334912095629
jc,2020,13,weekday,10777,y2019_2020_2023_2025_m1_2_3_4_5_6_7_8_9_10_11_12_modejc,323249,3.3339623633793143
jc,2020,14,weekday,11066,y2019_2020_2023_2025_m1_2_3_4_5_6_7_8_9_10_11_12_modejc,323249,3.423367125652361
jc,2020,15,weekday,12314,y2019_2020_2023_2025_m1_2_3_4_5_6_7_8_9_10_11_12_modejc,323249,3.809447206333198
jc,2020,16,weekday,15064,y2019_2020_2023_2025_m1_2_3_4_5_6_7_8_9_10_11_12_modejc,323249,4.660184563602671
jc,2020,17,weekday,22247,y2019_2020_2023_2025_m1_2_3_4_5_6_7_8_9_10_11_12_modejc,323249,6.882310540790535
jc,2020,18,weekday,25383,y2019_2020_2023_2025_m1_2_3_4_5_6_7_8_9_10_11_12_modejc,323249,7.852460487116743
jc,2020,19,weekday,19688,y2019_2020_2023_2025_m1_2_3_4_5_6_7_8_9_10_11_12_modejc,323249,6.090660759971415
jc,2020,20,weekday,12426,y2019_2020_2023_2025_m1_2_3_4_5_6_7_8_9_10_11_12_modejc,323249,3.844095418701991
jc,2020,21,weekday,7636,y2019_2020_2023_2025_m1_2_3_4_5_6_7_8_9_10_11_12_modejc,323249,2.362265621858072
jc,2020,22,weekday,5633,y2019_2020_2023_2025_m1_2_3_4_5_6_7_8_9_10_11_12_modejc,323249,1.7426194667268886
jc,2020,23,weekday,3463,y2019_2020_2023_2025_m1_2_3_4_5_6_7_8_9_10_11_12_modejc,323249,1.0713103520815221
jc,2020,0,weekend,1322,y2019_2020_2023_2025_m1_2_3_4_5_6_7_8_9_10_11_12_modejc,323249,0.4089726495673614
jc,2020,1,weekend,802,y2019_2020_2023_2025_m1_2_3_4_5_6_7_8_9_10_11_12_modejc,323249,0.24810594928367916
jc,2020,2,weekend,457,y2019_2020_2023_2025_m1_2_3_4_5_6_7_8_9_10_11_12_modejc,323249,0.14137708082623612
jc,2020,3,weekend,251,y2019_2020_2023_2025_m1_2_3_4_5_6_7_8_9_10_11_12_modejc,323249,0.07764911879077739
jc,2020,4,weekend,177,y2019_2020_2023_2025_m1_2_3_4_5_6_7_8_9_10_11_12_modejc,323249,0.05475654990425338
jc,2020,5,weekend,371,y2019_2020_2023_2025_m1_2_3_4_5_6_7_8_9_10_11_12_modejc,323249,0.11477220347162714
jc,2020,6,weekend,737,y2019_2020_2023_2025_m1_2_3_4_5_6_7_8_9_10_11_12_modejc,323249,0.22799761174821884
jc,2020,7,weekend,1444,y2019_2020_2023_2025_m1_2_3_4_5_6_7_8_9_10_11_12_modejc,323249,0.4467144523262253
jc,2020,8,weekend,2839,y2019_2020_2023_2025_m1_2_3_4_5_6_7_8_9_10_11_12_modejc,323249,0.8782703117411037
jc,2020,9,weekend,4549,y2019_2020_2023_2025_m1_2_3_4_5_6_7_8_9_10_11_12_modejc,323249,1.4072742684432125
jc,2020,10,weekend,5716,y2019_2020_2023_2025_m1_2_3_4_5_6_7_8_9_10_11_12_modejc,323249,1.7682962669644764
jc,2020,11,weekend,6861,y2019_2020_2023_2025_m1_2_3_4_5_6_7_8_9_10_11_12_modejc,323249,2.1225123666275842
jc,2020,12,weekend,7575,y2019_2020_2023_2025_m1_2_3_4_5_6_7_8_9_10_11_12_modejc,323249,2.3433947204786403
jc,2020,13,weekend,8304,y2019_2020_2023_2025_m1_2_3_4_5_6_7_8_9_10_11_12_modejc,323249,2.5689174599148026
jc,2020,14,weekend,8970,y2019_2020_2023_2025_m1_2_3_4_5_6_7_8_9_10_11_12_modejc,323249,2.7749505798935186
jc,2020,15,weekend,9549,y2019_2020_2023_2025_m1_2_3_4_5_6_7_8_9_10_11_12_modejc,323249,2.9540694634786187
jc,2020,16,weekend,9545,y2019_2020_2023_2025_m1_2_3_4_5_6_7_8_9_10_11_12_modejc,323249,2.9528320273225903
jc,2020,17,weekend,9082,y2019_2020_2023_2025_m1_2_3_4_5_6_7_8_9_10_11_12_modejc,323249,2.8095987922623116
jc,2020,18,weekend,8151,y2019_2020_2023_2025_m1_2_3_4_5_6_7_8_9_10_11_12_modejc,323249,2.521585526946719
jc,2020,19,weekend,6574,y2019_2020_2023_2025_m1_2_3_4_5_6_7_8_9_10_11_12_modejc,323249,2.033726322432552
jc,2020,20,weekend,4370,y2019_2020_2023_2025_m1_2_3_4_5_6_7_8_9_10_11_12_modejc,323249,1.351899000460945
jc,2020,21,weekend,2758,y2019_2020_2023_2025_m1_2_3_4_5_6_7_8_9_10_11_12_modejc,323249,0.8532122295815301
jc,2020,22,weekend,2203,y2019_2020_2023_2025_m1_2_3_4_5_6_7_8_9_10_11_12_modejc,323249,0.6815179629325999
jc,2020,23,weekend,1563,y2019_2020_2023_2025_m1_2_3_4_5_6_7_8_9_10_11_12_modejc,323249,0.48352817796806796
jc,2023,0,weekday,5378,y2019_2020_2023_2025_m1_2_3_4_5_6_7_8_9_10_11_12_modejc,983526,0.5468081169181089
jc,2023,1,weekday,2753,y2019_2020_2023_2025_m1_2_3_4_5_6_7_8_9_10_11_12_modejc,983526,0.27991125806536893
jc,2023,2,weekday,1449,y2019_2020_2023_2025_m1_2_3_4_5_6_7_8_9_10_11_12_modejc,983526,0.1473270660867125
jc,2023,3,weekday,859,y2019_2020_2023_2025_m1_2_3_4_5_6_7_8_9_10_11_12_modejc,983526,0.08733881971600141
jc,2023,4,weekday,2248,y2019_2020_2023_2025_m1_2_3_4_5_6_7_8_9_10_11_12_modejc,983526,0.22856538617179412
jc,2023,5,weekday,7651,y2019_2020_2023_2025_m1_2_3_4_5_6_7_8_9_10_11_12_modejc,983526,0.7779153779361196
jc,2023,6,weekday,24555,y2019_2020_2023_2025_m1_2_3_4_5_6_7_8_9_10_11_12_modejc,983526,2.496629473953917
jc,2023,7,weekday,45934,y2019_2020_2023_2025_m1_2_3_4_5_6_7_8_9_10_11_12_modejc,983526,4.67033916744448
jc,2023,8,weekday,57602,y2019_2020_2023_2025_m1_2_3_4_5_6_7_8_9_10_11_12_modejc,983526,5.856682995670679
jc,2023,9,weekday,30578,y2019_2020_2023_2025_m1_2_3_4_5_6_7_8_9_10_11_12_modejc,983526,3.1090179619044136
jc,2023,10,weekday,22295,y2019_2020_2023_2025_m1_2_3_4_5_6_7_8_9_10_11_12_modejc,983526,2.2668439878559385
jc,2023,11,weekday,26187,y2019_2020_2023_2025_m1_2_3_4_5_6_7_8_9_10_11_12_modejc,983526,2.6625630639149347
jc,2023,12,weekday,30732,y2019_2020_2023_2025_m1_2_3_4_5_6_7_8_9_10_11_12_modejc,983526,3.1246759109571074
jc,2023,13,weekday,32611,y2019_2020_2023_2025_m1_2_3_4_5_6_7_8_9_10_11_12_modejc,983526,3.315723224398745
jc,2023,14,weekday,33781,y2019_2020_2023_2025_m1_2_3_4_5_6_7_8_9_10_11_12_modejc,983526,3.4346829672016805
jc,2023,15,weekday,39332,y2019_2020_2023_2025_m1_2_3_4_5_6_7_8_9_10_11_12_modejc,983526,3.9990808580556076
jc,2023,16,weekday,50923,y2019_2020_2023_2025_m1_2_3_4_5_6_7_8_9_10_11_12_modejc,983526,5.177595711755459
jc,2023,17,weekday,77020,y2019_2020_2023_2025_m1_2_3_4_5_6_7_8_9_10_11_12_modejc,983526,7.831008026224015
jc,2023,18,weekday,79003,y2019_2020_2023_2025_m1_2_3_4_5_6_7_8_9_10_11_12_modejc,983526,8.032629539025912
jc,2023,19,weekday,56699,y2019_2020_2023_2025_m1_2_3_4_5_6_7_8_9_10_11_12_modejc,983526,5.764870476225336
jc,2023,20,weekday,39194,y2019_2020_2023_2025_m1_2_3_4_5_6_7_8_9_10_11_12_modejc,983526,3.9850497089044925
jc,2023,21,weekday,27885,y2019_2020_2023_2025_m1_2_3_4_5_6_7_8_9_10_11_12_modejc,983526,2.835207203469964
jc,2023,22,weekday,19507,y2019_2020_2023_2025_m1_2_3_4_5_6_7_8_9_10_11_12_modejc,983526,1.9833741050058666
jc,2023,23,weekday,12727,y2019_2020_2023_2025_m1_2_3_4_5_6_7_8_9_10_11_12_modejc,983526,1.2940176467119324
jc,2023,0,weekend,5973,y2019_2020_2023_2025_m1_2_3_4_5_6_7_8_9_10_11_12_modejc,983526,0.6073047382580634
jc,2023,1,weekend,4445,y2019_2020_2023_2025_m1_2_3_4_5_6_7_8_9_10_11_12_modejc,983526,0.45194534765730643
jc,2023,2,weekend,2942,y2019_2020_2023_2025_m1_2_3_4_5_6_7_8_9_10_11_12_modejc,983526,0.29912783190276615
jc,2023,3,weekend,1544,y2019_2020_2023_2025_m1_2_3_4_5_6_7_8_9_10_11_12_modejc,983526,0.15698619050233548
jc,2023,4,weekend,907,y2019_2020_2023_2025_m1_2_3_4_5_6_7_8_9_10_11_12_modejc,983526,0.09221921942073723
jc,2023,5,weekend,1137,y2019_2020_2023_2025_m1_2_3_4_5_6_7_8_9_10_11_12_modejc,983526,0.11560446800592968
jc,2023,6,weekend,1919,y2019_2020_2023_2025_m1_2_3_4_5_6_7_8_9_10_11_12_modejc,983526,0.19511431319558406
jc,2023,7,weekend,3807,y2019_2020_2023_2025_m1_2_3_4_5_6_7_8_9_10_11_12_modejc,983526,0.38707670158185953
jc,2023,8,weekend,7488,y2019_2020_2023_2025_m1_2_3_4_5_6_7_8_9_10_11_12_modejc,983526,0.7613423539387876
jc,2023,9,weekend,12257,y2019_2020_2023_2025_m1_2_3_4_5_6_7_8_9_10_11_12_modejc,983526,1.2462303996030608
jc,2023,10,weekend,16193,y2019_2020_2023_2025_m1_2_3_4_5_6_7_8_9_10_11_12_modejc,983526,1.6464231753913978
jc,2023,11,weekend,18275,y2019_2020_2023_2025_m1_2_3_4_5_6_7_8_9_10_11_12_modejc,983526,1.8581105125843138
jc,2023,12,weekend,19637,y2019_2020_2023_2025_m1_2_3_4_5_6_7_8_9_10_11_12_modejc,983526,1.996591854206193
jc,2023,13,weekend,19820,y2019_2020_2023_2025_m1_2_3_4_5_6_7_8_9_10_11_12_modejc,983526,2.0151983780804983
jc,2023,14,weekend,19244,y2019_2020_2023_2025_m1_2_3_4_5_6_7_8_9_10_11_12_modejc,983526,1.9566335816236684
jc,2023,15,weekend,19865,y2019_2020_2023_2025_m1_2_3_4_5_6_7_8_9_10_11_12_modejc,983526,2.0197737528036876
jc,2023,16,weekend,19213,y2019_2020_2023_2025_m1_2_3_4_5_6_7_8_9_10_11_12_modejc,983526,1.9534816568143598
jc,2023,17,weekend,18672,y2019_2020_2023_2025_m1_2_3_4_5_6_7_8_9_10_11_12_modejc,983526,1.8984754851422332
jc,2023,18,weekend,17205,y2019_2020_2023_2025_m1_2_3_4_5_6_7_8_9_10_11_12_modejc,983526,1.7493182691662446
jc,2023,19,weekend,14671,y2019_2020_2023_2025_m1_2_3_4_5_6_7_8_9_10_11_12_modejc,983526,1.4916738347537328
jc,2023,20,weekend,10970,y2019_2020_2023_2025_m1_2_3_4_5_6_7_8_9_10_11_12_modejc,983526,1.1153746825198316
jc,2023,21,weekend,8141,y2019_2020_2023_2025_m1_2_3_4_5_6_7_8_9_10_11_12_modejc,983526,0.8277361249219644
jc,2023,22,weekend,6652,y2019_2020_2023_2025_m1_2_3_4_5_6_7_8_9_10_11_12_modejc,983526,0.6763420590813054
jc,2023,23,weekend,5646,y2019_2020_2023_2025_m1_2_3_4_5_6_7_8_9_10_11_12_modejc,983526,0.5740570152695506
jc,2025,0,weekday,5335,y2019_2020_2023_2025_m1_2_3_4_5_6_7_8_9_10_11_12_modejc,994941,0.5362127000495507
jc,2025,1,weekday,2572,y2019_2020_2023_2025_m1_2_3_4_5_6_7_8_9_10_11_12_modejc,994941,0.2585077909142351
jc,2025,2,weekday,1399,y2019_2020_2023_2025_m1_2_3_4_5_6_7_8_9_10_11_12_modejc,994941,0.14061135283398715
jc,2025,3,weekday,807,y2019_2020_2023_2025_m1_2_3_4_5_6_7_8_9_10_11_12_modejc,994941,0.08111033719587393
jc,2025,4,weekday,2878,y2019_2020_2023_2025_m1_2_3_4_5_6_7_8_9_10_11_12_modejc,994941,0.2892633834569085
jc,2025,5,weekday,9090,y2019_2020_2023_2025_m1_2_3_4_5_6_7_8_9_10_11_12_modejc,994941,0.9136220137676506
jc,2025,6,weekday,25435,y2019_2020_2023_2025_m1_2_3_4_5_6_7_8_9_10_11_12_modejc,994941,2.556432994519273
jc,2025,7,weekday,48485,y2019_2020_2023_2025_m1_2_3_4_5_6_7_8_9_10_11_12_modejc,994941,4.873153282455945
jc,2025,8,weekday,60914,y2019_2020_2023_2025_m1_2_3_4_5_6_7_8_9_10_11_12_modejc,994941,6.1223730854392375
jc,2025,9,weekday,31591,y2019_2020_2023_2025_m1_2_3_4_5_6_7_8_9_10_11_12_modejc,994941,3.1751631503777613
jc,2025,10,weekday,24263,y2019_2020_2023_2025_m1_2_3_4_5_6_7_8_9_10_11_12_modejc,994941,2.438637064911387
jc,2025,11,weekday,26591,y2019_2020_2023_2025_m1_2_3_4_5_6_7_8_9_10_11_12_modejc,994941,2.6726207885693727
jc,2025,12,weekday,30676,y2019_2020_2023_2025_m1_2_3_4_5_6_7_8_9_10_11_12_modejc,994941,3.083197898166826
jc,2025,13,weekday,31095,y2019_2020_2023_2025_m1_2_3_4_5_6_7_8_9_10_11_12_modejc,994941,3.1253109480863692
jc,2025,14,weekday,33927,y2019_2020_2023_2025_m1_2_3_4_5_6_7_8_9_10_11_12_modejc,994941,3.40995094181464
jc,2025,15,weekday,42202,y2019_2020_2023_2025_m1_2_3_4_5_6_7_8_9_10_11_12_modejc,994941,4.241658550607523
jc,2025,16,weekday,53932,y2019_2020_2023_2025_m1_2_3_4_5_6_7_8_9_10_11_12_modejc,994941,5.420622931410003
jc,2025,17,weekday,82587,y2019_2020_2023_2025_m1_2_3_4_5_6_7_8_9_10_11_12_modejc,994941,8.300693206933879
jc,2025,18,weekday,77363,y2019_2020_2023_2025_m1_2_3_4_5_6_7_8_9_10_11_12_modejc,994941,7.775636947316474
jc,2025,19,weekday,52807,y2019_2020_2023_2025_m1_2_3_4_5_6_7_8_9_10_11_12_modejc,994941,5.307550900003116
jc,2025,20,weekday,35477,y2019_2020_2023_2025_m1_2_3_4_5_6_7_8_9_10_11_12_modejc,994941,3.565739073975241
jc,2025,21,weekday,25737,y2019_2020_2023_2025_m1_2_3_4_5_6_7_8_9_10_11_12_modejc,994941,2.5867865531725
jc,2025,22,weekday,18544,y2019_2020_2023_2025_m1_2_3_4_5_6_7_8_9_10_11_12_modejc,994941,1.8638291114749517
jc,2025,23,weekday,12023,y2019_2020_2023_2025_m1_2_3_4_5_6_7_8_9_10_11_12_modejc,994941,1.2084133632044514
jc,2025,0,weekend,5863,y2019_2020_2023_2025_m1_2_3_4_5_6_7_8_9_10_11_12_modejc,994941,0.5892811734565165
jc,2025,1,weekend,4082,y2019_2020_2023_2025_m1_2_3_4_5_6_7_8_9_10_11_12_modejc,994941,0.41027558418036847
jc,2025,2,weekend,2860,y2019_2020_2023_2025_m1_2_3_4_5_6_7_8_9_10_11_12_modejc,994941,0.2874542309543983
jc,2025,3,weekend,1641,y2019_2020_2023_2025_m1_2_3_4_5_6_7_8_9_10_11_12_modejc,994941,0.16493440314551316
jc,2025,4,weekend,952,y2019_2020_2023_2025_m1_2_3_4_5_6_7_8_9_10_11_12_modejc,994941,0.0956840656883172
jc,2025,5,weekend,1187,y2019_2020_2023_2025_m1_2_3_4_5_6_7_8_9_10_11_12_modejc,994941,0.11930355669331147
jc,2025,6,weekend,2232,y2019_2020_2023_2025_m1_2_3_4_5_6_7_8_9_10_11_12_modejc,994941,0.22433491031126468
jc,2025,7,weekend,5321,y2019_2020_2023_2025_m1_2_3_4_5_6_7_8_9_10_11_12_modejc,994941,0.5348055814364872
jc,2025,8,weekend,9060,y2019_2020_2023_2025_m1_2_3_4_5_6_7_8_9_10_11_12_modejc,994941,0.9106067595968002
jc,2025,9,weekend,13874,y2019_2020_2023_2025_m1_2_3_4_5_6_7_8_9_10_11_12_modejc,994941,1.3944545455459167
jc,2025,10,weekend,17063,y2019_2020_2023_2025_m1_2_3_4_5_6_7_8_9_10_11_12_modejc,994941,1.7149760639073073
jc,2025,11,weekend,19406,y2019_2020_2023_2025_m1_2_3_4_5_6_7_8_9_10_11_12_modejc,994941,1.9504674146507182
jc,2025,12,weekend,19653,y2019_2020_2023_2025_m1_2_3_4_5_6_7_8_9_10_11_12_modejc,994941,1.9752930073240522
jc,2025,13,weekend,19431,y2019_2020_2023_2025_m1_2_3_4_5_6_7_8_9_10_11_12_modejc,994941,1.95298012645976
jc,2025,14,weekend,18438,y2019_2020_2023_2025_m1_2_3_4_5_6_7_8_9_10_11_12_modejc,994941,1.853175213404614
jc,2025,15,weekend,18522,y2019_2020_2023_2025_m1_2_3_4_5_6_7_8_9_10_11_12_modejc,994941,1.8616179250829947
jc,2025,16,weekend,18576,y2019_2020_2023_2025_m1_2_3_4_5_6_7_8_9_10_11_12_modejc,994941,1.8670453825905253
jc,2025,17,weekend,18505,y2019_2020_2023_2025_m1_2_3_4_5_6_7_8_9_10_11_12_modejc,994941,1.8599092810528466
jc,2025,18,weekend,16754,y2019_2020_2023_2025_m1_2_3_4_5_6_7_8_9_10_11_12_modejc,994941,1.6839189459475485
jc,2025,19,weekend,14452,y2019_2020_2023_2025_m1_2_3_4_5_6_7_8_9_10_11_12_modejc,994941,1.4525484425709665
jc,2025,20,weekend,10949,y2019_2020_2023_2025_m1_2_3_4_5_6_7_8_9_10_11_12_modejc,994941,1.1004672638880095
jc,2025,21,weekend,8288,y2019_2020_2023_2025_m1_2_3_4_5_6_7_8_9_10_11_12_modejc,994941,0.833014218933585
jc,2025,22,weekend,6670,y2019_2020_2023_2025_m1_2_3_4_5_6_7_8_9_10_11_12_modejc,994941,0.6703915106523904
jc,2025,23,weekend,5432,y2019_2020_2023_2025_m1_2_3_4_5_6_7_8_9_10_11_12_modejc,994941,0.5459620218686334
nyc,2019,0,weekday,103853,y2019_2020_2023_2025_m1_2_3_4_5_6_7_8_9_10_11_12_modenyc,20551697,0.5053256672672821
nyc,2019,1,weekday,52353,y2019_2020_2023_2025_m1_2_3_4_5_6_7_8_9_10_11_12_modenyc,20551697,0.2547380880518042
nyc,2019,2,weekday,30229,y2019_2020_2023_2025_m1_2_3_4_5_6_7_8_9_10_11_12_modenyc,20551697,0.14708761033212975
nyc,2019,3,weekday,19545,y2019_2020_2023_2025_m1_2_3_4_5_6_7_8_9_10_11_12_modenyc,20551697,0.09510163564595177
nyc,2019,4,weekday,30408,y2019_2020_2023_2025_m1_2_3_4_5_6_7_8_9_10_11_12_modenyc,20551697,0.14795858463658743
nyc,2019,5,weekday,126720,y2019_2020_2023_2025_m1_2_3_4_5_6_7_8_9_10_11_12_modenyc,20551697,0.6165914182171915
nyc,2019,6,weekday,412064,y2019_2020_2023_2025_m1_2_3_4_5_6_7_8_9_10_11_12_modenyc,20551697,2.005012043531004
nyc,2019,7,weekday,863027,y2019_2020_2023_2025_m1_2_3_4_5_6_7_8_9_10_11_12_modenyc,20551697,4.199297994710608
nyc,2019,8,weekday,1489252,y2019_2020_2023_2025_m1_2_3_4_5_6_7_8_9_10_11_12_modenyc,20551697,7.24636997129726
nyc,2019,9,weekday,1082380,y2019_2020_2023_2025_m1_2_3_4_5_6_7_8_9_10_11_12_modenyc,20551697,5.266621048373767
nyc,2019,10,weekday,627342,y2019_2020_2023_2025_m1_2_3_4_5_6_7_8_9_10_11_12_modenyc,20551697,3.0525070508775993
nyc,2019,11,weekday,603347,y2019_2020_2023_2025_m1_2_3_4_5_6_7_8_9_10_11_12_modenyc,20551697,2.9357527020761354
nyc,2019,12,weekday,700119,y2019_2020_2023_2025_m1_2_3_4_5_6_7_8_9_10_11_12_modenyc,20551697,3.4066237936458488
nyc,2019,13,weekday,726548,y2019_2020_2023_2025_m1_2_3_4_5_6_7_8_9_10_11_12_modenyc,20551697,3.535221446676642
nyc,2019,14,weekday,763224,y2019_2020_2023_2025_m1_2_3_4_5_6_7_8_9_10_11_12_modenyc,20551697,3.7136787293039597
nyc,2019,15,weekday,826121,y2019_2020_2023_2025_m1_2_3_4_5_6_7_8_9_10_11_12_modenyc,20551697,4.019721583088734
nyc,2019,16,weekday,1020922,y2019_2020_2023_2025_m1_2_3_4_5_6_7_8_9_10_11_12_modenyc,20551697,4.967580049472313
nyc,2019,17,weekday,1596638,y2019_2020_2023_2025_m1_2_3_4_5_6_7_8_9_10_11_12_modenyc,20551697,7.768886433076548
nyc,2019,18,weekday,1517330,y2019_2020_2023_2025_m1_2_3_4_5_6_7_8_9_10_11_12_modenyc,20551697,7.3829912926411865
nyc,2019,19,weekday,1019904,y2019_2020_2023_2025_m1_2_3_4_5_6_7_8_9_10_11_12_modenyc,20551697,4.96262668722685
nyc,2019,20,weekday,683614,y2019_2020_2023_2025_m1_2_3_4_5_6_7_8_9_10_11_12_modenyc,20551697,3.3263141238409655
nyc,2019,21,weekday,473894,y2019_2020_2023_2025_m1_2_3_4_5_6_7_8_9_10_11_12_modenyc,20551697,2.3058631119366932
nyc,2019,22,weekday,351315,y2019_2020_2023_2025_m1_2_3_4_5_6_7_8_9_10_11_12_modenyc,20551697,1.709420881399721
nyc,2019,23,weekday,225677,y2019_2020_2023_2025_m1_2_3_4_5_6_7_8_9_10_11_12_modenyc,20551697,1.098094235235173
nyc,2019,0,weekend,81481,y2019_2020_2023_2025_m1_2_3_4_5_6_7_8_9_10_11_12_modenyc,20551697,0.3964684765447837
nyc,2019,1,weekend,52880,y2019_2020_2023_2025_m1_2_3_4_5_6_7_8_9_10_11_12_modenyc,20551697,0.25730235318280525
nyc,2019,2,weekend,34079,y2019_2020_2023_2025_m1_2_3_4_5_6_7_8_9_10_11_12_modenyc,20551697,0.16582085654532566
nyc,2019,3,weekend,22014,y2019_2020_2023_2025_m1_2_3_4_5_6_7_8_9_10_11_12_modenyc,20551697,0.10711524211358311
nyc,2019,4,weekend,14489,y2019_2020_2023_2025_m1_2_3_4_5_6_7_8_9_10_11_12_modenyc,20551697,0.07050026087870019
nyc,2019,5,weekend,13167,y2019_2020_2023_2025_m1_2_3_4_5_6_7_8_9_10_11_12_modenyc,20551697,0.06406770204913007
nyc,2019,6,weekend,30983,y2019_2020_2023_2025_m1_2_3_4_5_6_7_8_9_10_11_12_modenyc,20551697,0.15075640712297383
nyc,2019,7,weekend,70352,y2019_2020_2023_2025_m1_2_3_4_5_6_7_8_9_10_11_12_modenyc,20551697,0.3423172305430544
nyc,2019,8,weekend,137512,y2019_2020_2023_2025_m1_2_3_4_5_6_7_8_9_10_11_12_modenyc,20551697,0.6691028969529864
nyc,2019,9,weekend,225798,y2019_2020_2023_2025_m1_2_3_4_5_6_7_8_9_10_11_12_modenyc,20551697,1.0986829944018734
nyc,2019,10,weekend,311759,y2019_2020_2023_2025_m1_2_3_4_5_6_7_8_9_10_11_12_modenyc,20551697,1.5169501574492852
nyc,2019,11,weekend,374937,y2019_2020_2023_2025_m1_2_3_4_5_6_7_8_9_10_11_12_modenyc,20551697,1.8243602949187117
nyc,2019,12,weekend,422430,y2019_2020_2023_2025_m1_2_3_4_5_6_7_8_9_10_11_12_modenyc,20551697,2.0554507007377545
nyc,2019,13,weekend,437439,y2019_2020_2023_2025_m1_2_3_4_5_6_7_8_9_10_11_12_modenyc,20551697,2.128481166299795
nyc,2019,14,weekend,441526,y2019_2020_2023_2025_m1_2_3_4_5_6_7_8_9_10_11_12_modenyc,20551697,2.1483676019552056
nyc,2019,15,weekend,444087,y2019_2020_2023_2025_m1_2_3_4_5_6_7_8_9_10_11_12_modenyc,20551697,2.160828860020659
nyc,2019,16,weekend,437476,y2019_2020_2023_2025_m1_2_3_4_5_6_7_8_9_10_11_12_modenyc,20551697,2.1286612000945713
nyc,2019,17,weekend,405844,y2019_2020_2023_2025_m1_2_3_4_5_6_7_8_9_10_11_12_modenyc,20551697,1.9747469028956588
nyc,2019,18,weekend,360368,y2019_2020_2023_2025_m1_2_3_4_5_6_7_8_9_10_11_12_modenyc,20551697,1.753470771781036
nyc,2019,19,weekend,294672,y2019_2020_2023_2025_m1_2_3_4_5_6_7_8_9_10_11_12_modenyc,20551697,1.4338086047103555
nyc,2019,20,weekend,215750,y2019_2020_2023_2025_m1_2_3_4_5_6_7_8_9_10_11_12_modenyc,20551697,1.0497916546745507
nyc,2019,21,weekend,158261,y2019_2020_2023_2025_m1_2_3_4_5_6_7_8_9_10_11_12_modenyc,20551697,0.7700629295965195
nyc,2019,22,weekend,126105,y2019_2020_2023_2025_m1_2_3_4_5_6_7_8_9_10_11_12_modenyc,20551697,0.6135989646013174
nyc,2019,23,weekend,92462,y2019_2020_2023_2025_m1_2_3_4_5_6_7_8_9_10_11_12_modenyc,20551697,0.44989958736740815
nyc,2020,0,weekday,109538,y2019_2020_2023_2025_m1_2_3_4_5_6_7_8_9_10_11_12_modenyc,19554112,0.5601788513843022
nyc,2020,1,weekday,57671,y2019_2020_2023_2025_m1_2_3_4_5_6_7_8_9_10_11_12_modenyc,19554112,0.2949302939453349
nyc,2020,2,weekday,33675,y2019_2020_2023_2025_m1_2_3_4_5_6_7_8_9_10_11_12_modenyc,19554112,0.17221441710060778
nyc,2020,3,weekday,21625,y2019_2020_2023_2025_m1_2_3_4_5_6_7_8_9_10_11_12_modenyc,19554112,0.11059054995696045
nyc,2020,4,weekday,26228,y2019_2020_2023_2025_m1_2_3_4_5_6_7_8_9_10_11_12_modenyc,19554112,0.13413035580444665
nyc,2020,5,weekday,91651,y2019_2020_2023_2025_m1_2_3_4_5_6_7_8_9_10_11_12_modenyc,19554112,0.4687044852765495
nyc,2020,6,weekday,306591,y2019_2020_2023_2025_m1_2_3_4_5_6_7_8_9_10_11_12_modenyc,19554112,1.567910626675351
nyc,2020,7,weekday,581049,y2019_2020_2023_2025_m1_2_3_4_5_6_7_8_9_10_11_12_modenyc,19554112,2.9714926456389326
nyc,2020,8,weekday,850316,y2019_2020_2023_2025_m1_2_3_4_5_6_7_8_9_10_11_12_modenyc,19554112,4.348527818598973
nyc,2020,9,weekday,680860,y2019_2020_2023_2025_m1_2_3_4_5_6_7_8_9_10_11_12_modenyc,19554112,3.4819274841015537
nyc,2020,10,weekday,552700,y2019_2020_2023_2025_m1_2_3_4_5_6_7_8_9_10_11_12_modenyc,19554112,2.82651546641443
nyc,2020,11,weekday,601114,y2019_2020_2023_2025_m1_2_3_4_5_6_7_8_9_10_11_12_modenyc,19554112,3.0741053339573794
nyc,2020,12,weekday,714701,y2019_2020_2023_2025_m1_2_3_4_5_6_7_8_9_10_11_12_modenyc,19554112,3.6549908275047214
nyc,2020,13,weekday,776170,y2019_2020_2023_2025_m1_2_3_4_5_6_7_8_9_10_11_12_modenyc,19554112,3.969344146131514
nyc,2020,14,weekday,840074,y2019_2020_2023_2025_m1_2_3_4_5_6_7_8_9_10_11_12_modenyc,19554112,4.296150088533808
nyc,2020,15,weekday,935233,y2019_2020_2023_2025_m1_2_3_4_5_6_7_8_9_10_11_12_modenyc,19554112,4.7827945344692715
nyc,2020,16,weekday,1079077,y2019_2020_2023_2025_m1_2_3_4_5_6_7_8_9_10_11_12_modenyc,19554112,5.518414745706683
nyc,2020,17,weekday,1379747,y2019_2020_2023_2025_m1_2_3_4_5_6_7_8_9_10_11_12_modenyc,19554112,7.056045296252778
nyc,2020,18,weekday,1353881,y2019_2020_2023_2025_m1_2_3_4_5_6_7_8_9_10_11_12_modenyc,19554112,6.923766213469576
nyc,2020,19,weekday,1006585,y2019_2020_2023_2025_m1_2_3_4_5_6_7_8_9_10_11_12_modenyc,19554112,5.147689652181597
nyc,2020,20,weekday,644379,y2019_2020_2023_2025_m1_2_3_4_5_6_7_8_9_10_11_12_modenyc,19554112,3.2953631440793627
nyc,2020,21,weekday,415312,y2019_2020_2023_2025_m1_2_3_4_5_6_7_8_9_10_11_12_modenyc,19554112,2.1239113287271754
nyc,2020,22,weekday,309748,y2019_2020_2023_2025_m1_2_3_4_5_6_7_8_9_10_11_12_modenyc,19554112,1.5840555684655995
nyc,2020,23,weekday,215716,y2019_2020_2023_2025_m1_2_3_4_5_6_7_8_9_10_11_12_modenyc,19554112,1.1031746161625748
nyc,2020,0,weekend,82462,y2019_2020_2023_2025_m1_2_3_4_5_6_7_8_9_10_11_12_modenyc,19554112,0.42171181181738143
nyc,2020,1,weekend,55099,y2019_2020_2023_2025_m1_2_3_4_5_6_7_8_9_10_11_12_modenyc,19554112,0.281777050269529
nyc,2020,2,weekend,31386,y2019_2020_2023_2025_m1_2_3_4_5_6_7_8_9_10_11_12_modenyc,19554112,0.16050843935025022
nyc,2020,3,weekend,18668,y2019_2020_2023_2025_m1_2_3_4_5_6_7_8_9_10_11_12_modenyc,19554112,0.09546841094088036
nyc,2020,4,weekend,12509,y2019_2020_2023_2025_m1_2_3_4_5_6_7_8_9_10_11_12_modenyc,19554112,0.06397119951036385
nyc,2020,5,weekend,14963,y2019_2020_2023_2025_m1_2_3_4_5_6_7_8_9_10_11_12_modenyc,19554112,0.07652098954941038
nyc,2020,6,weekend,39439,y2019_2020_2023_2025_m1_2_3_4_5_6_7_8_9_10_11_12_modenyc,19554112,0.20169159305214165
nyc,2020,7,weekend,80792,y2019_2020_2023_2025_m1_2_3_4_5_6_7_8_9_10_11_12_modenyc,19554112,0.4131714086530751
nyc,2020,8,weekend,139213,y2019_2020_2023_2025_m1_2_3_4_5_6_7_8_9_10_11_12_modenyc,19554112,0.7119372130015416
nyc,2020,9,weekend,220077,y2019_2020_2023_2025_m1_2_3_4_5_6_7_8_9_10_11_12_modenyc,19554112,1.1254768306533174
nyc,2020,10,weekend,312602,y2019_2020_2023_2025_m1_2_3_4_5_6_7_8_9_10_11_12_modenyc,19554112,1.5986509640529827
nyc,2020,11,weekend,397515,y2019_2020_2023_2025_m1_2_3_4_5_6_7_8_9_10_11_12_modenyc,19554112,2.0328972238677983
nyc,2020,12,weekend,471952,y2019_2020_2023_2025_m1_2_3_4_5_6_7_8_9_10_11_12_modenyc,19554112,2.413569074371672
nyc,2020,13,weekend,522597,y2019_2020_2023_2025_m1_2_3_4_5_6_7_8_9_10_11_12_modenyc,19554112,2.67256830686047
nyc,2020,14,weekend,551837,y2019_2020_2023_2025_m1_2_3_4_5_6_7_8_9_10_11_12_modenyc,19554112,2.822102072443893
nyc,2020,15,weekend,564577,y2019_2020_2023_2025_m1_2_3_4_5_6_7_8_9_10_11_12_modenyc,19554112,2.8872546091584215
nyc,2020,16,weekend,550615,y2019_2020_2023_2025_m1_2_3_4_5_6_7_8_9_10_11_12_modenyc,19554112,2.8158527474937243
nyc,2020,17,weekend,504626,y2019_2020_2023_2025_m1_2_3_4_5_6_7_8_9_10_11_12_modenyc,19554112,2.5806643635875663
nyc,2020,18,weekend,434804,y2019_2020_2023_2025_m1_2_3_4_5_6_7_8_9_10_11_12_modenyc,19554112,2.223593687097629
nyc,2020,19,weekend,339260,y2019_2020_2023_2025_m1_2_3_4_5_6_7_8_9_10_11_12_modenyc,19554112,1.7349803458218915
nyc,2020,20,weekend,240544,y2019_2020_2023_2025_m1_2_3_4_5_6_7_8_9_10_11_12_modenyc,19554112,1.2301453525478427
nyc,2020,21,weekend,163072,y2019_2020_2023_2025_m1_2_3_4_5_6_7_8_9_10_11_12_modenyc,19554112,0.8339524699459634
nyc,2020,22,weekend,126302,y2019_2020_2023_2025_m1_2_3_4_5_6_7_8_9_10_11_12_modenyc,19554112,0.6459101799150992
nyc,2020,23,weekend,95560,y2019_2020_2023_2025_m1_2_3_4_5_6_7_8_9_10_11_12_modenyc,19554112,0.48869516549767134
nyc,2023,0,weekday,272737,y2019_2020_2023_2025_m1_2_3_4_5_6_7_8_9_10_11_12_modenyc,35097909,0.7770747824321956
nyc,2023,1,weekday,146498,y2019_2020_2023_2025_m1_2_3_4_5_6_7_8_9_10_11_12_modenyc,35097909,0.41739808488306235
nyc,2023,2,weekday,88694,y2019_2020_2023_2025_m1_2_3_4_5_6_7_8_9_10_11_12_modenyc,35097909,0.2527045129668551
nyc,2023,3,weekday,58591,y2019_2020_2023_2025_m1_2_3_4_5_6_7_8_9_10_11_12_modenyc,35097909,0.16693587073805452
nyc,2023,4,weekday,67736,y2019_2020_2023_2025_m1_2_3_4_5_6_7_8_9_10_11_12_modenyc,35097909,0.19299155399827378
nyc,2023,5,weekday,211558,y2019_2020_2023_2025_m1_2_3_4_5_6_7_8_9_10_11_12_modenyc,35097909,0.6027652530525394
nyc,2023,6,weekday,603092,y2019_2020_2023_2025_m1_2_3_4_5_6_7_8_9_10_11_12_modenyc,35097909,1.7183131906803908
nyc,2023,7,weekday,1265049,y2019_2020_2023_2025_m1_2_3_4_5_6_7_8_9_10_11_12_modenyc,35097909,3.604342925386239
nyc,2023,8,weekday,1889174,y2019_2020_2023_2025_m1_2_3_4_5_6_7_8_9_10_11_12_modenyc,35097909,5.382582762978843
nyc,2023,9,weekday,1427586,y2019_2020_2023_2025_m1_2_3_4_5_6_7_8_9_10_11_12_modenyc,35097909,4.067438889308192
nyc,2023,10,weekday,1068510,y2019_2020_2023_2025_m1_2_3_4_5_6_7_8_9_10_11_12_modenyc,35097909,3.0443693953391926
nyc,2023,11,weekday,1098304,y2019_2020_2023_2025_m1_2_3_4_5_6_7_8_9_10_11_12_modenyc,35097909,3.129257643240228
nyc,2023,12,weekday,1249947,y2019_2020_2023_2025_m1_2_3_4_5_6_7_8_9_10_11_12_modenyc,35097909,3.5613147210564597
nyc,2023,13,weekday,1334320,y2019_2020_2023_2025_m1_2_3_4_5_6_7_8_9_10_11_12_modenyc,35097909,3.8017079592975187
nyc,2023,14,weekday,1498502,y2019_2020_2023_2025_m1_2_3_4_5_6_7_8_9_10_11_12_modenyc,35097909,4.269490812116471
nyc,2023,15,weekday,1682264,y2019_2020_2023_2025_m1_2_3_4_5_6_7_8_9_10_11_12_modenyc,35097909,4.793060464086336
nyc,2023,16,weekday,1946370,y2019_2020_2023_2025_m1_2_3_4_5_6_7_8_9_10_11_12_modenyc,35097909,5.545544037965339
nyc,2023,17,weekday,2545980,y2019_2020_2023_2025_m1_2_3_4_5_6_7_8_9_10_11_12_modenyc,35097909,7.253936409716031
nyc,2023,18,weekday,2402676,y2019_2020_2023_2025_m1_2_3_4_5_6_7_8_9_10_11_12_modenyc,35097909,6.845638582059118
nyc,2023,19,weekday,1783854,y2019_2020_2023_2025_m1_2_3_4_5_6_7_8_9_10_11_12_modenyc,35097909,5.082507906667602
nyc,2023,20,weekday,1259121,y2019_2020_2023_2025_m1_2_3_4_5_6_7_8_9_10_11_12_modenyc,35097909,3.5874530303215497
nyc,2023,21,weekday,940604,y2019_2020_2023_2025_m1_2_3_4_5_6_7_8_9_10_11_12_modenyc,35097909,2.679943127096261
nyc,2023,22,weekday,756349,y2019_2020_2023_2025_m1_2_3_4_5_6_7_8_9_10_11_12_modenyc,35097909,2.1549688330435868
nyc,2023,23,weekday,531407,y2019_2020_2023_2025_m1_2_3_4_5_6_7_8_9_10_11_12_modenyc,35097909,1.5140702541567364
nyc,2023,0,weekend,210599,y2019_2020_2023_2025_m1_2_3_4_5_6_7_8_9_10_11_12_modenyc,35097909,0.6000328965466291
nyc,2023,1,weekend,152306,y2019_2020_2023_2025_m1_2_3_4_5_6_7_8_9_10_11_12_modenyc,35097909,0.4339460792379398
nyc,2023,2,weekend,104149,y2019_2020_2023_2025_m1_2_3_4_5_6_7_8_9_10_11_12_modenyc,35097909,0.29673847521799657
nyc,2023,3,weekend,69001,y2019_2020_2023_2025_m1_2_3_4_5_6_7_8_9_10_11_12_modenyc,35097909,0.19659575731420356
nyc,2023,4,weekend,45387,y2019_2020_2023_2025_m1_2_3_4_5_6_7_8_9_10_11_12_modenyc,35097909,0.12931539596846067
nyc,2023,5,weekend,36656,y2019_2020_2023_2025_m1_2_3_4_5_6_7_8_9_10_11_12_modenyc,35097909,0.10443927015709113
nyc,2023,6,weekend,72851,y2019_2020_2023_2025_m1_2_3_4_5_6_7_8_9_10_11_12_modenyc,35097909,0.2075650717539897
nyc,2023,7,weekend,135888,y2019_2020_2023_2025_m1_2_3_4_5_6_7_8_9_10_11_12_modenyc,35097909,0.38716836379056085
nyc,2023,8,weekend,230459,y2019_2020_2023_2025_m1_2_3_4_5_6_7_8_9_10_11_12_modenyc,35097909,0.656617464020435
nyc,2023,9,weekend,363618,y2019_2020_2023_2025_m1_2_3_4_5_6_7_8_9_10_11_12_modenyc,35097909,1.0360104358353657
nyc,2023,10,weekend,487767,y2019_2020_2023_2025_m1_2_3_4_5_6_7_8_9_10_11_12_modenyc,35097909,1.3897323626886149
nyc,2023,11,weekend,595374,y2019_2020_2023_2025_m1_2_3_4_5_6_7_8_9_10_11_12_modenyc,35097909,1.6963232766943466
nyc,2023,12,weekend,670385,y2019_2020_2023_2025_m1_2_3_4_5_6_7_8_9_10_11_12_modenyc,35097909,1.9100425612249436
nyc,2023,13,weekend,702875,y2019_2020_2023_2025_m1_2_3_4_5_6_7_8_9_10_11_12_modenyc,35097909,2.0026121784064115
nyc,2023,14,weekend,721408,y2019_2020_2023_2025_m1_2_3_4_5_6_7_8_9_10_11_12_modenyc,35097909,2.0554158938642186
nyc,2023,15,weekend,730407,y2019_2020_2023_2025_m1_2_3_4_5_6_7_8_9_10_11_12_modenyc,35097909,2.0810555979275005
nyc,2023,16,weekend,714819,y2019_2020_2023_2025_m1_2_3_4_5_6_7_8_9_10_11_12_modenyc,35097909,2.0366426957229846
nyc,2023,17,weekend,668982,y2019_2020_2023_2025_m1_2_3_4_5_6_7_8_9_10_11_12_modenyc,35097909,1.9060451720927307
nyc,2023,18,weekend,613332,y2019_2020_2023_2025_m1_2_3_4_5_6_7_8_9_10_11_12_modenyc,35097909,1.7474887179176402
nyc,2023,19,weekend,508900,y2019_2020_2023_2025_m1_2_3_4_5_6_7_8_9_10_11_12_modenyc,35097909,1.4499439268590046
nyc,2023,20,weekend,380300,y2019_2020_2023_2025_m1_2_3_4_5_6_7_8_9_10_11_12_modenyc,35097909,1.0835403328443298
nyc,2023,21,weekend,297977,y2019_2020_2023_2025_m1_2_3_4_5_6_7_8_9_10_11_12_modenyc,35097909,0.8489878983958844
nyc,2023,22,weekend,251034,y2019_2020_2023_2025_m1_2_3_4_5_6_7_8_9_10_11_12_modenyc,35097909,0.7152391898902011
nyc,2023,23,weekend,204512,y2019_2020_2023_2025_m1_2_3_4_5_6_7_8_9_10_11_12_modenyc,35097909,0.5826899830414398
nyc,2025,0,weekday,343414,y2019_2020_2023_2025_m1_2_3_4_5_6_7_8_9_10_11_12_modenyc,45761685,0.7504400242255066
nyc,2025,1,weekday,181006,y2019_2020_2023_2025_m1_2_3_4_5_6_7_8_9_10_11_12_modenyc,45761685,0.39554050511907507
nyc,2025,2,weekday,107743,y2019_2020_2023_2025_m1_2_3_4_5_6_7_8_9_10_11_12_modenyc,45761685,0.2354436905022182
nyc,2025,3,weekday,70826,y2019_2020_2023_2025_m1_2_3_4_5_6_7_8_9_10_11_12_modenyc,45761685,0.15477139882414734
nyc,2025,4,weekday,92470,y2019_2020_2023_2025_m1_2_3_4_5_6_7_8_9_10_11_12_modenyc,45761685,0.20206860826912296
nyc,2025,5,weekday,289378,y2019_2020_2023_2025_m1_2_3_4_5_6_7_8_9_10_11_12_modenyc,45761685,0.632358707945304
nyc,2025,6,weekday,821859,y2019_2020_2023_2025_m1_2_3_4_5_6_7_8_9_10_11_12_modenyc,45761685,1.7959544103325742
nyc,2025,7,weekday,1699627,y2019_2020_2023_2025_m1_2_3_4_5_6_7_8_9_10_11_12_modenyc,45761685,3.714083080638311
nyc,2025,8,weekday,2579352,y2019_2020_2023_2025_m1_2_3_4_5_6_7_8_9_10_11_12_modenyc,45761685,5.63648825431144
nyc,2025,9,weekday,1900439,y2019_2020_2023_2025_m1_2_3_4_5_6_7_8_9_10_11_12_modenyc,45761685,4.152904334707081
nyc,2025,10,weekday,1355177,y2019_2020_2023_2025_m1_2_3_4_5_6_7_8_9_10_11_12_modenyc,45761685,2.961379153761493
nyc,2025,11,weekday,1362796,y2019_2020_2023_2025_m1_2_3_4_5_6_7_8_9_10_11_12_modenyc,45761685,2.9780284532792005
nyc,2025,12,weekday,1526709,y2019_2020_2023_2025_m1_2_3_4_5_6_7_8_9_10_11_12_modenyc,45761685,3.336216749885849
nyc,2025,13,weekday,1632807,y2019_2020_2023_2025_m1_2_3_4_5_6_7_8_9_10_11_12_modenyc,45761685,3.568065730097133
nyc,2025,14,weekday,1819993,y2019_2020_2023_2025_m1_2_3_4_5_6_7_8_9_10_11_12_modenyc,45761685,3.97711098269218
nyc,2025,15,weekday,2064464,y2019_2020_2023_2025_m1_2_3_4_5_6_7_8_9_10_11_12_modenyc,45761685,4.511337377546303
nyc,2025,16,weekday,2447364,y2019_2020_2023_2025_m1_2_3_4_5_6_7_8_9_10_11_12_modenyc,45761685,5.348063560159553
nyc,2025,17,weekday,3336287,y2019_2020_2023_2025_m1_2_3_4_5_6_7_8_9_10_11_12_modenyc,45761685,7.290568518182843
nyc,2025,18,weekday,3114520,y2019_2020_2023_2025_m1_2_3_4_5_6_7_8_9_10_11_12_modenyc,45761685,6.805955681046274
nyc,2025,19,weekday,2293135,y2019_2020_2023_2025_m1_2_3_4_5_6_7_8_9_10_11_12_modenyc,45761685,5.011037071733701
nyc,2025,20,weekday,1626532,y2019_2020_2023_2025_m1_2_3_4_5_6_7_8_9_10_11_12_modenyc,45761685,3.554353385370316
nyc,2025,21,weekday,1233455,y2019_2020_2023_2025_m1_2_3_4_5_6_7_8_9_10_11_12_modenyc,45761685,2.6953880741061
nyc,2025,22,weekday,993621,y2019_2020_2023_2025_m1_2_3_4_5_6_7_8_9_10_11_12_modenyc,45761685,2.1712946103273953
nyc,2025,23,weekday,701459,y2019_2020_2023_2025_m1_2_3_4_5_6_7_8_9_10_11_12_modenyc,45761685,1.532852210315245
nyc,2025,0,weekend,299168,y2019_2020_2023_2025_m1_2_3_4_5_6_7_8_9_10_11_12_modenyc,45761685,0.6537521509533576
nyc,2025,1,weekend,209353,y2019_2020_2023_2025_m1_2_3_4_5_6_7_8_9_10_11_12_modenyc,45761685,0.4574853395367762
nyc,2025,2,weekend,141636,y2019_2020_2023_2025_m1_2_3_4_5_6_7_8_9_10_11_12_modenyc,45761685,0.309507833900784
nyc,2025,3,weekend,92828,y2019_2020_2023_2025_m1_2_3_4_5_6_7_8_9_10_11_12_modenyc,45761685,0.20285092211967284
nyc,2025,4,weekend,62646,y2019_2020_2023_2025_m1_2_3_4_5_6_7_8_9_10_11_12_modenyc,45761685,0.13689618290934874
nyc,2025,5,weekend,51193,y2019_2020_2023_2025_m1_2_3_4_5_6_7_8_9_10_11_12_modenyc,45761685,0.11186869539441127
nyc,2025,6,weekend,100731,y2019_2020_2023_2025_m1_2_3_4_5_6_7_8_9_10_11_12_modenyc,45761685,0.220120828155694
nyc,2025,7,weekend,187471,y2019_2020_2023_2025_m1_2_3_4_5_6_7_8_9_10_11_12_modenyc,45761685,0.4096680443475803
nyc,2025,8,weekend,323663,y2019_2020_2023_2025_m1_2_3_4_5_6_7_8_9_10_11_12_modenyc,45761685,0.7072794631578798
nyc,2025,9,weekend,514134,y2019_2020_2023_2025_m1_2_3_4_5_6_7_8_9_10_11_12_modenyc,45761685,1.123503210163699
nyc,2025,10,weekend,683062,y2019_2020_2023_2025_m1_2_3_4_5_6_7_8_9_10_11_12_modenyc,45761685,1.4926504563807037
nyc,2025,11,weekend,817573,y2019_2020_2023_2025_m1_2_3_4_5_6_7_8_9_10_11_12_modenyc,45761685,1.7865884964681698
nyc,2025,12,weekend,907142,y2019_2020_2023_2025_m1_2_3_4_5_6_7_8_9_10_11_12_modenyc,45761685,1.9823177402667753
nyc,2025,13,weekend,937474,y2019_2020_2023_2025_m1_2_3_4_5_6_7_8_9_10_11_12_modenyc,45761685,2.0486002646100117
nyc,2025,14,weekend,947188,y2019_2020_2023_2025_m1_2_3_4_5_6_7_8_9_10_11_12_modenyc,45761685,2.06982762981739
nyc,2025,15,weekend,945228,y2019_2020_2023_2025_m1_2_3_4_5_6_7_8_9_10_11_12_modenyc,45761685,2.0655445707473405
nyc,2025,16,weekend,929869,y2019_2020_2023_2025_m1_2_3_4_5_6_7_8_9_10_11_12_modenyc,45761685,2.0319815583713754
nyc,2025,17,weekend,887409,y2019_2020_2023_2025_m1_2_3_4_5_6_7_8_9_10_11_12_modenyc,45761685,1.9391965134150984
nyc,2025,18,weekend,832016,y2019_2020_2023_2025_m1_2_3_4_5_6_7_8_9_10_11_12_modenyc,45761685,1.8181498342991522
nyc,2025,19,weekend,700205,y2019_2020_2023_2025_m1_2_3_4_5_6_7_8_9_10_11_12_modenyc,45761685,1.5301119266041012
nyc,2025,20,weekend,529219,y2019_2020_2023_2025_m1_2_3_4_5_6_7_8_9_10_11_12_modenyc,45761685,1.1564674683635447
nyc,2025,21,weekend,419215,y2019_2020_2023_2025_m1_2_3_4_5_6_7_8_9_10_11_12_modenyc,45761685,0.9160829632912337
nyc,2025,22,weekend,358845,y2019_2020_2023_2025_m1_2_3_4_5_6_7_8_9_10_11_12_modenyc,45761685,0.784160373465269
nyc,2025,23,weekend,289984,y2019_2020_2023_2025_m1_2_3_4_5_6_7_8_9_10_11_12_modenyc,45761685,0.6336829598822683
