mode,year,month,trips,days_in_month,trips_per_day,run_tag,year_trips,pct_of_mode_year_trips
jc,2019,1,19676,31,634.7096774193549,y2019_2020_2023_2025_m1_2_3_4_5_6_7_8_9_10_11_12_modejc,404895,4.859531483471023
jc,2019,2,18564,28,663.0,y2019_2020_2023_2025_m1_2_3_4_5_6_7_8_9_10_11_12_modejc,404895,4.584892379505797
jc,2019,3,23604,31,761.4193548387096,y2019_2020_2023_2025_m1_2_3_4_5_6_7_8_9_10_11_12_modejc,404895,5.829659541362576
jc,2019,4,33050,30,1101.6666666666667,y2019_2020_2023_2025_m1_2_3_4_5_6_7_8_9_10_11_12_modejc,404895,8.162610059398116
jc,2019,5,36123,31,1165.258064516129,y2019_2020_2023_2025_m1_2_3_4_5_6_7_8_9_10_11_12_modejc,404895,8.92157225947468
jc,2019,6,39422,30,1314.0666666666666,y2019_2020_2023_2025_m1_2_3_4_5_6_7_8_9_10_11_12_modejc,404895,9.736351399745613
jc,2019,7,43741,31,1411.0,y2019_2020_2023_2025_m1_2_3_4_5_6_7_8_9_10_11_12_modejc,404895,10.803047703725657
jc,2019,8,48706,31,1571.1612903225807,y2019_2020_2023_2025_m1_2_3_4_5_6_7_8_9_10_11_12_modejc,404895,12.02929154472147
jc,2019,9,49240,30,1641.3333333333333,y2019_2020_2023_2025_m1_2_3_4_5_6_7_8_9_10_11_12_modejc,404895,12.161177589251535
jc,2019,10,42247,31,1362.8064516129032,y2019_2020_2023_2025_m1_2_3_4_5_6_7_8_9_10_11_12_modejc,404895,10.434063152175256
jc,2019,11,30794,30,1026.4666666666667,y2019_2020_2023_2025_m1_2_3_4_5_6_7_8_9_10_11_12_modejc,404895,7.60542856790032
jc,2019,12,19728,31,636.3870967741935,y2019_2020_2023_2025_m1_2_3_4_5_6_7_8_9_10_11_12_modejc,404895,4.8723743192679585
jc,2020,1,26020,31,839.3548387096774,y2019_2020_2023_2025_m1_2_3_4_5_6_7_8_9_10_11_12_modejc,323249,8.049522194964254
jc,2020,2,22961,29,791.7586206896551,y2019_2020_2023_2025_m1_2_3_4_5_6_7_8_9_10_11_12_modejc,323249,7.103192894641593
jc,2020,3,17716,31,571.483870967742,y2019_2020_2023_2025_m1_2_3_4_5_6_7_8_9_10_11_12_modejc,323249,5.480604735049451
jc,2020,4,9267,30,308.9,y2019_2020_2023_2025_m1_2_3_4_5_6_7_8_9_10_11_12_modejc,323249,2.8668302144786217
jc,2020,5,25064,31,808.516129032258,y2019_2020_2023_2025_m1_2_3_4_5_6_7_8_9_10_11_12_modejc,323249,7.753774953673484
jc,2020,6,36906,30,1230.2,y2019_2020_2023_2025_m1_2_3_4_5_6_7_8_9_10_11_12_modejc,323249,11.41720469359534
jc,2020,7,38656,31,1246.967741935484,y2019_2020_2023_2025_m1_2_3_4_5_6_7_8_9_10_11_12_modejc,323249,11.958583011857732
jc,2020,8,43252,31,1395.225806451613,y2019_2020_2023_2025_m1_2_3_4_5_6_7_8_9_10_11_12_modejc,323249,13.380397155134277
jc,2020,9,40368,30,1345.6,y2019_2020_2023_2025_m1_2_3_4_5_6_7_8_9_10_11_12_modejc,323249,12.488205686637855
jc,2020,10,30078,31,970.258064516129,y2019_2020_2023_2025_m1_2_3_4_5_6_7_8_9_10_11_12_modejc,323249,9.30490117525499
jc,2020,11,21269,30,708.9666666666667,y2019_2020_2023_2025_m1_2_3_4_5_6_7_8_9_10_11_12_modejc,323249,6.57975740064161
jc,2020,12,11692,31,377.1612903225807,y2019_2020_2023_2025_m1_2_3_4_5_6_7_8_9_10_11_12_modejc,323249,3.617025884070794
jc,2023,1,55811,31,1800.354838709677,y2019_2020_2023_2025_m1_2_3_4_5_6_7_8_9_10_11_12_modejc,983526,5.674583081687723
jc,2023,2,51001,28,1821.4642857142856,y2019_2020_2023_2025_m1_2_3_4_5_6_7_8_9_10_11_12_modejc,983526,5.185526361275655
jc,2023,3,62802,31,2025.8709677419356,y2019_2020_2023_2025_m1_2_3_4_5_6_7_8_9_10_11_12_modejc,983526,6.385392963683725
jc,2023,4,80379,30,2679.3,y2019_2020_2023_2025_m1_2_3_4_5_6_7_8_9_10_11_12_modejc,983526,8.172534330561673
jc,2023,5,95486,31,3080.1935483870966,y2019_2020_2023_2025_m1_2_3_4_5_6_7_8_9_10_11_12_modejc,983526,9.708538462633424
jc,2023,6,96434,30,3214.4666666666667,y2019_2020_2023_2025_m1_2_3_4_5_6_7_8_9_10_11_12_modejc,983526,9.804926356801955
jc,2023,7,105977,31,3418.6129032258063,y2019_2020_2023_2025_m1_2_3_4_5_6_7_8_9_10_11_12_modejc,983526,10.775210823099746
jc,2023,8,111469,31,3595.7741935483878,y2019_2020_2023_2025_m1_2_3_4_5_6_7_8_9_10_11_12_modejc,983526,11.333609889316602
jc,2023,9,93670,30,3122.333333333333,y2019_2020_2023_2025_m1_2_3_4_5_6_7_8_9_10_11_12_modejc,983526,9.52389667380425
jc,2023,10,96975,31,3128.2258064516127,y2019_2020_2023_2025_m1_2_3_4_5_6_7_8_9_10_11_12_modejc,983526,9.859932528474081
jc,2023,11,75237,30,2507.9,y2019_2020_2023_2025_m1_2_3_4_5_6_7_8_9_10_11_12_modejc,983526,7.6497215121918485
jc,2023,12,58285,31,1880.1612903225807,y2019_2020_2023_2025_m1_2_3_4_5_6_7_8_9_10_11_12_modejc,983526,5.926127016469315
jc,2025,1,50335,31,1623.7096774193549,y2019_2020_2023_2025_m1_2_3_4_5_6_7_8_9_10_11_12_modejc,994941,5.059093956325048
jc,2025,2,45019,28,1607.821428571429,y2019_2020_2023_2025_m1_2_3_4_5_6_7_8_9_10_11_12_modejc,994941,4.524790917250369
jc,2025,3,72932,31,2352.6451612903224,y2019_2020_2023_2025_m1_2_3_4_5_6_7_8_9_10_11_12_modejc,994941,7.33028390628188
jc,2025,4,81058,30,2701.9333333333334,y2019_2020_2023_2025_m1_2_3_4_5_6_7_8_9_10_11_12_modejc,994941,8.147015752692873
jc,2025,5,92603,31,2987.1935483870966,y2019_2020_2023_2025_m1_2_3_4_5_6_7_8_9_10_11_12_modejc,994941,9.307386066108442
jc,2025,6,96437,30,3214.5666666666666,y2019_2020_2023_2025_m1_2_3_4_5_6_7_8_9_10_11_12_modejc,994941,9.692735549143116
jc,2025,7,106944,31,3449.8064516129034,y2019_2020_2023_2025_m1_2_3_4_5_6_7_8_9_10_11_12_modejc,994941,10.748778068247262
jc,2025,8,107647,31,3472.483870967742,y2019_2020_2023_2025_m1_2_3_4_5_6_7_8_9_10_11_12_modejc,994941,10.819435524317523
jc,2025,9,115120,30,3837.3333333333335,y2019_2020_2023_2025_m1_2_3_4_5_6_7_8_9_10_11_12_modejc,994941,11.57053533827634
jc,2025,10,103141,31,3327.1290322580644,y2019_2020_2023_2025_m1_2_3_4_5_6_7_8_9_10_11_12_modejc,994941,10.366544347855802
jc,2025,11,75995,30,2533.1666666666665,y2019_2020_2023_2025_m1_2_3_4_5_6_7_8_9_10_11_12_modejc,994941,7.6381413571257
jc,2025,12,47710,31,1539.032258064516,y2019_2020_2023_2025_m1_2_3_4_5_6_7_8_9_10_11_12_modejc,994941,4.795259216375644
nyc,2019,1,967287,31,31202.8064516129,y2019_2020_2023_2025_m1_2_3_4_5_6_7_8_9_10_11_12_modenyc,20551697,4.706604033720427
nyc,2019,2,943744,28,33705.142857142855,y2019_2020_2023_2025_m1_2_3_4_5_6_7_8_9_10_11_12_modenyc,20551697,4.592049016682174
nyc,2019,3,1327960,31,42837.41935483871,y2019_2020_2023_2025_m1_2_3_4_5_6_7_8_9_10_11_12_modenyc,20551697,6.461558867863807
nyc,2019,4,1766094,30,58869.8,y2019_2020_2023_2025_m1_2_3_4_5_6_7_8_9_10_11_12_modenyc,20551697,8.593421750038452
nyc,2019,5,1924563,31,62082.67741935484,y2019_2020_2023_2025_m1_2_3_4_5_6_7_8_9_10_11_12_modenyc,20551697,9.364496761508308
nyc,2019,6,2125370,30,70845.66666666667,y2019_2020_2023_2025_m1_2_3_4_5_6_7_8_9_10_11_12_modenyc,20551697,10.341579091984473
nyc,2019,7,2181064,31,70356.90322580645,y2019_2020_2023_2025_m1_2_3_4_5_6_7_8_9_10_11_12_modenyc,20551697,10.612573745126742
nyc,2019,8,2344224,31,75620.12903225806,y2019_2020_2023_2025_m1_2_3_4_5_6_7_8_9_10_11_12_modenyc,20551697,11.406474122307273
nyc,2019,9,2444900,30,81496.66666666667,y2019_2020_2023_2025_m1_2_3_4_5_6_7_8_9_10_11_12_modenyc,20551697,11.89634121211499
nyc,2019,10,2092573,31,67502.35483870968,y2019_2020_2023_2025_m1_2_3_4_5_6_7_8_9_10_11_12_modenyc,20551697,10.181996163139228
nyc,2019,11,1478708,30,49290.26666666667,y2019_2020_2023_2025_m1_2_3_4_5_6_7_8_9_10_11_12_modenyc,20551697,7.19506520556429
nyc,2019,12,955210,31,30813.225806451614,y2019_2020_2023_2025_m1_2_3_4_5_6_7_8_9_10_11_12_modenyc,20551697,4.647840029949838
nyc,2020,1,1243192,31,40102.967741935485,y2019_2020_2023_2025_m1_2_3_4_5_6_7_8_9_10_11_12_modenyc,19554112,6.357701132119935
nyc,2020,2,1149391,29,39634.1724137931,y2019_2020_2023_2025_m1_2_3_4_5_6_7_8_9_10_11_12_modenyc,19554112,5.878001517021074
nyc,2020,3,1071221,31,34555.51612903226,y2019_2020_2023_2025_m1_2_3_4_5_6_7_8_9_10_11_12_modenyc,19554112,5.478239052737348
nyc,2020,4,684362,30,22812.066666666666,y2019_2020_2023_2025_m1_2_3_4_5_6_7_8_9_10_11_12_modenyc,19554112,3.4998367606772427
nyc,2020,5,1491340,31,48107.74193548387,y2019_2020_2023_2025_m1_2_3_4_5_6_7_8_9_10_11_12_modenyc,19554112,7.62673344614166
nyc,2020,6,1887318,30,62910.6,y2019_2020_2023_2025_m1_2_3_4_5_6_7_8_9_10_11_12_modenyc,19554112,9.651770430689975
nyc,2020,7,2110845,31,68091.7741935484,y2019_2020_2023_2025_m1_2_3_4_5_6_7_8_9_10_11_12_modenyc,19554112,10.794890609197697
nyc,2020,8,2334608,31,75309.93548387097,y2019_2020_2023_2025_m1_2_3_4_5_6_7_8_9_10_11_12_modenyc,19554112,11.93921769497894
nyc,2020,9,2494393,30,83146.43333333333,y2019_2020_2023_2025_m1_2_3_4_5_6_7_8_9_10_11_12_modenyc,19554112,12.756360401331444
nyc,2020,10,2254215,31,72716.6129032258,y2019_2020_2023_2025_m1_2_3_4_5_6_7_8_9_10_11_12_modenyc,19554112,11.528086777860329
nyc,2020,11,1741341,30,58044.7,y2019_2020_2023_2025_m1_2_3_4_5_6_7_8_9_10_11_12_modenyc,19554112,8.905242027866057
nyc,2020,12,1091886,31,35222.12903225807,y2019_2020_2023_2025_m1_2_3_4_5_6_7_8_9_10_11_12_modenyc,19554112,5.5839201493783
nyc,2023,1,1795015,31,57903.70967741936,y2019_2020_2023_2025_m1_2_3_4_5_6_7_8_9_10_11_12_modenyc,35097909,5.1143075218526555
nyc,2023,2,1695861,28,60566.46428571428,y2019_2020_2023_2025_m1_2_3_4_5_6_7_8_9_10_11_12_modenyc,35097909,4.831800663680562
nyc,2023,3,2118683,31,68344.6129032258,y2019_2020_2023_2025_m1_2_3_4_5_6_7_8_9_10_11_12_modenyc,35097909,6.0364935130466035
nyc,2023,4,2749070,30,91635.66666666669,y2019_2020_2023_2025_m1_2_3_4_5_6_7_8_9_10_11_12_modenyc,35097909,7.832574869346205
nyc,2023,5,3452818,31,111381.2258064516,y2019_2020_2023_2025_m1_2_3_4_5_6_7_8_9_10_11_12_modenyc,35097909,9.837674375416496
nyc,2023,6,3450700,30,115023.33333333331,y2019_2020_2023_2025_m1_2_3_4_5_6_7_8_9_10_11_12_modenyc,35097909,9.831639827888322
nyc,2023,7,3658311,31,118010.03225806452,y2019_2020_2023_2025_m1_2_3_4_5_6_7_8_9_10_11_12_modenyc,35097909,10.423159396760646
nyc,2023,8,3963117,31,127842.48387096774,y2019_2020_2023_2025_m1_2_3_4_5_6_7_8_9_10_11_12_modenyc,35097909,11.291604294717386
nyc,2023,9,3470121,30,115670.7,y2019_2020_2023_2025_m1_2_3_4_5_6_7_8_9_10_11_12_modenyc,35097909,9.886973608598733
nyc,2023,10,3723784,31,120122.06451612904,y2019_2020_2023_2025_m1_2_3_4_5_6_7_8_9_10_11_12_modenyc,35097909,10.609703273206389
nyc,2023,11,2816189,30,93872.96666666666,y2019_2020_2023_2025_m1_2_3_4_5_6_7_8_9_10_11_12_modenyc,35097909,8.023808483861531
nyc,2023,12,2204240,31,71104.51612903226,y2019_2020_2023_2025_m1_2_3_4_5_6_7_8_9_10_11_12_modenyc,35097909,6.280260171624469
nyc,2025,1,2124109,31,68519.64516129032,y2019_2020_2023_2025_m1_2_3_4_5_6_7_8_9_10_11_12_modenyc,45761685,4.641675672563193
nyc,2025,2,2030843,28,72530.10714285714,y2019_2020_2023_2025_m1_2_3_4_5_6_7_8_9_10_11_12_modenyc,45761685,4.437867617855417
nyc,2025,3,3167652,31,102182.32258064517,y2019_2020_2023_2025_m1_2_3_4_5_6_7_8_9_10_11_12_modenyc,45761685,6.9220615455921255
nyc,2025,4,3724288,30,124142.93333333332,y2019_2020_2023_2025_m1_2_3_4_5_6_7_8_9_10_11_12_modenyc,45761685,8.138441580549317
nyc,2025,5,4324746,31,139507.93548387097,y2019_2020_2023_2025_m1_2_3_4_5_6_7_8_9_10_11_12_modenyc,45761685,9.450582949469627
nyc,2025,6,4758167,30,158605.56666666668,y2019_2020_2023_2025_m1_2_3_4_5_6_7_8_9_10_11_12_modenyc,45761685,10.397709350081842
nyc,2025,7,4986852,31,160866.1935483871,y2019_2020_2023_2025_m1_2_3_4_5_6_7_8_9_10_11_12_modenyc,45761685,10.897439637548311
nyc,2025,8,5120938,31,165191.5483870968,y2019_2020_2023_2025_m1_2_3_4_5_6_7_8_9_10_11_12_modenyc,45761685,11.190448953092528
nyc,2025,9,5286096,30,176203.2,y2019_2020_2023_2025_m1_2_3_4_5_6_7_8_9_10_11_12_modenyc,45761685,11.551357866302345
nyc,2025,10,4730876,31,152608.90322580645,y2019_2020_2023_2025_m1_2_3_4_5_6_7_8_9_10_11_12_modenyc,45761685,10.338072122999842
nyc,2025,11,3415726,30,113857.53333333334,y2019_2020_2023_2025_m1_2_3_4_5_6_7_8_9_10_11_12_modenyc,45761685,7.464161339338794
nyc,2025,12,2091392,31,67464.25806451614,y2019_2020_2023_2025_m1_2_3_4_5_6_7_8_9_10_11_12_modenyc,45761685,4.570181364606658
